ID_Cliente,Nombre,Edad,Genero,Departamento,Municipio,Email,Telefono,Fecha_Registro,Segmento
1,Silvestre Ferrándiz Pallarès,61,F,Morazán,Municipio Principal,graciamorillo@example.org,72792942,2024-10-26,Empresarial
2,Ramón Osorio Amor,78,F,Cuscatlán,Municipio Principal,rivasofelia@example.net,77670308,2023-06-08,Empresarial
3,Mirta Sanabria,41,M,La Libertad,Zaragoza,consuelo49@example.com,79766873,2023-02-05,Premium
4,Norberto Lamas Cobo,29,F,Cuscatlán,Municipio Principal,escalonavalentin@example.net,74269185,2023-02-15,Individual
5,Feliciana Vilaplana Rebollo,57,M,San Vicente,Municipio Principal,maria-belen82@example.com,77811457,2023-11-30,Premium
6,Carlota Barbero Niño,36,M,Cuscatlán,Municipio Principal,regueramoises@example.net,71292293,2023-11-21,Individual
7,Elías Mendez Montenegro,18,F,San Miguel,Chinameca,inaranjo@example.org,71681242,2024-12-28,Premium
8,Santiago Dan Sáenz Corbacho,77,F,Morazán,Municipio Principal,milagros04@example.org,75905864,2024-02-29,Empresarial
9,Jordi Che Lara Godoy,73,F,La Unión,Municipio Principal,vallejomaria-dolores@example.net,71702721,2025-05-30,Premium
10,Curro de Arranz,38,F,La Paz,Municipio Principal,merinoanselmo@example.net,72673099,2023-12-23,Empresarial
11,Gustavo Blanch Méndez,74,M,Ahuachapán,Municipio Principal,epenas@example.com,78574846,2023-07-23,Empresarial
12,Cleto Sosa Campoy,44,F,Cabañas,Municipio Principal,feijoochema@example.com,72407148,2024-11-29,Individual
13,Roldán Mercader Parejo,55,M,Ahuachapán,Municipio Principal,elorzaana-sofia@example.org,78245670,2024-06-08,Individual
14,Ramona Hoz Ramírez,67,F,La Paz,Municipio Principal,yparejo@example.net,73653093,2025-09-05,Empresarial
15,Sancho Gras Nebot,61,F,Sonsonate,Municipio Principal,martinminguez@example.org,77560318,2023-03-02,Individual
16,Clotilde Gisela Bauzà Baró,47,F,San Miguel,Chinameca,pacagoni@example.com,75405839,2025-02-16,Premium
17,Olalla Verdejo Cueto,46,M,San Miguel,Chinameca,lfernandez@example.com,71448478,2023-01-22,Premium
18,Rosalva del Vera,21,M,Ahuachapán,Municipio Principal,cayetanapelaez@example.net,76068400,2025-01-08,Premium
19,Manuel Arnau Jaén,38,F,San Miguel,Chinameca,benavidesamado@example.net,73644114,2023-12-24,Empresarial
20,Heliodoro Segarra Guillén,28,M,San Vicente,Municipio Principal,gervasio37@example.com,73451580,2025-04-22,Individual
21,Juan Bautista Morán Ros,46,M,San Salvador,San Salvador,kcerda@example.com,78965486,2023-07-15,Premium
22,Silvia Anaya-Larrea,74,F,Ahuachapán,Municipio Principal,ursulareal@example.com,75641608,2024-01-10,Premium
23,Calista Aguado Álvaro,71,F,Ahuachapán,Municipio Principal,ibanezpaloma@example.net,74404235,2024-05-14,Premium
24,Benjamín Salazar,56,M,San Vicente,Municipio Principal,erasmo98@example.org,75500618,2025-09-16,Individual
25,Vinicio Donaire Cerro,39,M,La Paz,Municipio Principal,mendozafrancisco@example.org,75106504,2024-04-13,Individual
26,Emperatriz Ortiz Amaya,76,F,Morazán,Municipio Principal,amada03@example.org,77330809,2024-07-15,Premium
27,Nando Diez Herrera,72,M,Ahuachapán,Municipio Principal,ribateresa@example.net,72993931,2025-08-10,Premium
28,Joan Ayala,25,F,Usulután,Municipio Principal,ogallardo@example.com,72090729,2024-04-25,Empresarial
29,Evangelina Amigó Perera,39,M,San Miguel,Chinameca,urenadaniela@example.net,71010128,2024-04-19,Individual
30,Eulalia Soto Rey,60,F,San Vicente,Municipio Principal,irene49@example.org,72877368,2024-12-30,Individual
31,Candelas Quiroga-Sevilla,18,F,Ahuachapán,Municipio Principal,juan-manuel41@example.com,75384638,2023-05-02,Individual
32,Wilfredo Manolo Cuesta Piñol,46,M,Cabañas,Municipio Principal,jose-antoniomugica@example.org,78402790,2024-09-21,Premium
33,Paz Sevillano Benítez,54,F,La Libertad,Santa Tecla,csaez@example.org,78281976,2023-06-16,Individual
34,José Luis Cobos-Valencia,30,F,Ahuachapán,Municipio Principal,eporcel@example.net,78150945,2022-12-08,Empresarial
35,María Luisa Porcel-Valverde,39,M,La Paz,Municipio Principal,dorita56@example.com,79069558,2024-03-12,Empresarial
36,Pepe Rosa Campos,48,M,Usulután,Municipio Principal,leoncio61@example.com,73990397,2025-01-18,Empresarial
37,Benigna Calixta Juan Segovia,67,F,Cuscatlán,Municipio Principal,abarreda@example.org,71820115,2023-08-30,Premium
38,Claudio Nicolás-Morera,79,M,Santa Ana,Metapán,leopoldo23@example.com,77389658,2023-08-31,Empresarial
39,Ambrosio Cobos Gallo,31,M,Usulután,Municipio Principal,anastasiosegui@example.net,73538516,2024-05-11,Individual
40,Hilda Tovar-Alegria,57,M,Usulután,Municipio Principal,pliniobarrios@example.org,75989867,2022-12-06,Empresarial
41,Claudio Falcón Linares,19,M,San Miguel,San Miguel,geronimo78@example.com,73091398,2023-04-22,Premium
42,Maricruz Amorós Arribas,53,F,Sonsonate,Municipio Principal,martina86@example.net,72435498,2024-09-22,Premium
43,Candela Macías,28,M,San Vicente,Municipio Principal,badiapanfilo@example.net,71577622,2025-06-24,Individual
44,Valerio Álvaro,54,M,Usulután,Municipio Principal,xcabanillas@example.net,76658856,2023-06-04,Empresarial
45,Román Giménez Quintana,71,M,Sonsonate,Municipio Principal,nereaarevalo@example.org,76527970,2023-02-15,Premium
46,Eloísa Codina-Cano,59,F,La Paz,Municipio Principal,remediosmoliner@example.com,76766188,2023-05-27,Individual
47,Alfredo Noriega Ripoll,76,F,Ahuachapán,Municipio Principal,cabreranadia@example.org,73603479,2024-04-14,Individual
48,Cleto Galiano Carballo,80,F,Santa Ana,Santa Ana,nataliomora@example.net,79266384,2023-10-26,Premium
49,Virginia Leal Núñez,18,F,La Paz,Municipio Principal,jose-manuel70@example.com,78433872,2024-08-13,Individual
50,Susana Carballo Aznar,23,F,La Libertad,Zaragoza,pazosviviana@example.com,73588704,2025-06-29,Empresarial
51,Benito Osorio Torres,64,F,La Unión,Municipio Principal,buenogenoveva@example.com,76372809,2024-12-08,Premium
52,Salomón Portillo Lluch,65,F,San Miguel,Chinameca,teresacasanovas@example.com,71883761,2024-02-09,Individual
53,Enrique Araujo Quintanilla,24,M,San Miguel,San Miguel,rosellfelix@example.org,76279437,2023-11-17,Premium
54,Teodora Feijoo,71,F,Cabañas,Municipio Principal,moisesalmazan@example.org,73393109,2024-01-20,Individual
55,Rolando Cañellas-Mosquera,32,F,Morazán,Municipio Principal,carreteroharoldo@example.net,76993645,2024-12-16,Individual
56,Rico Carballo Vilaplana,59,F,Chalatenango,Municipio Principal,ucanet@example.net,74517942,2023-09-18,Premium
57,Vicenta Marcela Mendoza Medina,68,F,Cabañas,Municipio Principal,isaias17@example.net,75137928,2024-05-05,Premium
58,Mateo Dávila Benavente,68,F,Cuscatlán,Municipio Principal,jdiez@example.org,74771371,2023-02-15,Individual
59,Moreno Alberdi Goicoechea,46,F,La Paz,Municipio Principal,omanzano@example.com,76211758,2023-06-18,Premium
60,Crescencia Arco Melero,71,F,Cuscatlán,Municipio Principal,amadomanuel@example.net,71872391,2025-01-04,Premium
61,Agustín Cabello Valverde,56,F,Morazán,Municipio Principal,dexposito@example.org,77606619,2024-08-05,Premium
62,Lupe Gálvez,18,F,La Libertad,Santa Tecla,paulasalom@example.net,76821895,2025-03-30,Individual
63,Vinicio Cerdá Castejón,26,F,Ahuachapán,Municipio Principal,monrealaurea@example.com,74451511,2024-03-17,Individual
64,Santos del Borrell,67,M,Sonsonate,Municipio Principal,ebusquets@example.org,72995898,2023-10-03,Premium
65,Balduino Higueras,80,F,La Unión,Municipio Principal,wvinas@example.com,78546049,2025-05-22,Empresarial
66,Flora Mercedes Casado Ariza,40,F,Cuscatlán,Municipio Principal,ruizdalila@example.net,71303286,2025-06-14,Empresarial
67,Juana Cayetana Rodriguez Mayol,67,F,Morazán,Municipio Principal,filomenabarbera@example.org,72114824,2023-12-07,Individual
68,Nacho Simó,62,M,Cabañas,Municipio Principal,chema14@example.net,79456479,2025-09-30,Premium
69,Eusebia Olivé Casas,49,F,San Salvador,Mejicanos,ygarzon@example.org,74507051,2022-10-29,Premium
70,Rómulo de Roig,29,M,Sonsonate,Municipio Principal,teresita43@example.com,79563485,2024-06-16,Premium
71,Renato Bermudez Arco,49,M,Chalatenango,Municipio Principal,escuderobienvenida@example.org,77852931,2025-04-13,Individual
72,Jenaro Jara Cabañas,66,M,La Paz,Municipio Principal,rcabezas@example.net,75555187,2023-07-31,Premium
73,Isaías Maestre Gámez,34,F,La Libertad,Antiguo Cuscatlán,solsonacasemiro@example.org,71901445,2024-05-02,Individual
74,Prudencia de Amor,19,F,Sonsonate,Municipio Principal,herranzmiguela@example.net,72438474,2023-03-02,Premium
75,Dora Costa-Arranz,79,F,Sonsonate,Municipio Principal,mosqueraamando@example.net,79008467,2023-02-27,Premium
76,Jose Francisco Puerta Villanueva,42,F,Chalatenango,Municipio Principal,pedrerocleto@example.net,74140905,2024-10-02,Individual
77,Raimundo Balduino Amores Quiroga,34,M,Chalatenango,Municipio Principal,azorinelias@example.org,74063544,2023-08-29,Individual
78,Zacarías Marti Múñiz,73,M,Cuscatlán,Municipio Principal,tapiaandres@example.org,79588383,2024-10-02,Individual
79,Reinaldo Sevillano Falcón,66,M,Santa Ana,Chalchuapa,guadalupeenriquez@example.org,72380035,2023-09-29,Individual
80,Belen Torres Carpio,55,M,Usulután,Municipio Principal,leopoldopena@example.org,77728228,2025-01-15,Individual
81,Duilio Fabra Fuster,80,F,La Libertad,Antiguo Cuscatlán,noelia98@example.net,79820412,2024-10-06,Premium
82,Marisol Pujadas,69,F,Usulután,Municipio Principal,gracia86@example.net,76606539,2024-12-22,Premium
83,Antonia Peláez Iglesia,76,F,Ahuachapán,Municipio Principal,marinoisidoro@example.org,73757380,2025-10-12,Premium
84,José Antonio Carlos Pinedo,40,F,Ahuachapán,Municipio Principal,amorclementina@example.net,72620588,2024-06-09,Individual
85,Ligia Alcaraz Diego,38,F,La Paz,Municipio Principal,urrutianilo@example.com,73200371,2023-09-01,Empresarial
86,Hernán Guitart Osorio,78,M,La Unión,Municipio Principal,mjodar@example.com,75448247,2023-05-18,Premium
87,Tito del Cantón,75,F,San Miguel,Nueva Guadalupe,martinezgraciela@example.org,71267150,2023-04-11,Premium
88,Asunción Rosell Goicoechea,27,M,La Paz,Municipio Principal,encarnitaalvarez@example.com,77401108,2025-04-02,Premium
89,Guiomar Carbajo Donoso,72,F,San Vicente,Municipio Principal,barberopepe@example.com,71455903,2024-10-15,Empresarial
90,Paco Florentino Carbonell Godoy,62,F,La Libertad,Zaragoza,sabina26@example.net,79496907,2024-05-08,Premium
91,Hernán Ordóñez-Coca,55,M,La Paz,Municipio Principal,tpi@example.org,75915522,2024-10-13,Empresarial
92,Benita Reig Peral,57,M,Cuscatlán,Municipio Principal,mblazquez@example.net,78142420,2023-07-12,Empresarial
93,Blanca del Perea,44,M,Chalatenango,Municipio Principal,salesnelida@example.com,74340754,2023-07-13,Empresarial
94,Corona Torres Carrasco,32,M,Cabañas,Municipio Principal,che15@example.net,79151497,2023-10-21,Premium
95,Juan Bautista Gras Cáceres,19,M,San Miguel,San Miguel,margarita94@example.org,74844278,2024-04-28,Premium
96,Camilo Blanco,18,F,San Vicente,Municipio Principal,qbarbero@example.net,74600230,2023-02-27,Premium
97,Remedios Soledad Checa Montalbán,73,M,Chalatenango,Municipio Principal,gertrudisiglesia@example.com,76305440,2023-07-17,Empresarial
98,Zaira Valencia Coca,20,F,La Unión,Municipio Principal,artemio60@example.com,76401993,2023-04-08,Empresarial
99,Salomón Rebollo-Giménez,54,F,Chalatenango,Municipio Principal,duilio14@example.org,71770521,2025-04-24,Empresarial
100,Yolanda Fuentes Gil,47,M,Usulután,Municipio Principal,salvador03@example.com,73000799,2024-01-31,Empresarial
101,Ana Sofía Cuenca,19,F,La Unión,Municipio Principal,maximaagudo@example.org,72427767,2024-07-11,Empresarial
102,Mónica Peinado Rivas,27,F,Chalatenango,Municipio Principal,viglesias@example.net,77526298,2025-03-25,Premium
103,Baldomero Lucena Asenjo,64,F,Morazán,Municipio Principal,hcarballo@example.org,73251886,2025-06-21,Empresarial
104,Fermín Valero Roma,19,M,Sonsonate,Municipio Principal,marco26@example.org,77238466,2025-09-07,Individual
105,Celestina Fuente Valls,30,M,Cabañas,Municipio Principal,omar44@example.org,75128233,2025-02-26,Individual
106,Rafa Kike Cruz Lucena,51,M,Ahuachapán,Municipio Principal,leandro90@example.org,72143275,2023-10-21,Individual
107,Maribel Casal Rios,50,F,Cabañas,Municipio Principal,silvestre83@example.com,71848242,2023-05-28,Individual
108,Azahar Canet Ibáñez,20,M,Cabañas,Municipio Principal,fvendrell@example.com,71111995,2022-12-07,Premium
109,José Ángel Cózar Peñas,41,M,La Paz,Municipio Principal,jbartolome@example.net,73258428,2023-01-17,Empresarial
110,Montserrat Cabeza-Cáceres,35,F,Ahuachapán,Municipio Principal,victoria68@example.org,77852084,2023-04-03,Premium
111,Cruz de Ochoa,41,M,Cuscatlán,Municipio Principal,jose-manuel81@example.org,72757844,2025-01-20,Individual
112,Miguel Marino Ibarra Cánovas,75,F,La Paz,Municipio Principal,requenavictoriano@example.net,79724540,2024-01-05,Individual
113,Luis Carballo Bertrán,75,M,San Miguel,Nueva Guadalupe,irisugarte@example.org,76206556,2024-10-10,Individual
114,María Ángeles Figueroa Carbonell,21,M,Cabañas,Municipio Principal,guzmannadia@example.org,73135308,2025-09-24,Empresarial
115,Duilio Palomino Soto,38,M,Usulután,Municipio Principal,emilia16@example.org,76822630,2023-12-14,Individual
116,Rico Albino Montaña Hierro,38,F,Sonsonate,Municipio Principal,mmarin@example.net,73585798,2022-11-28,Empresarial
117,Baltasar Llano Hidalgo,62,M,San Salvador,Delgado,talvaro@example.org,74636071,2023-08-02,Individual
118,Evelia Marcia Roldan Vazquez,54,F,Sonsonate,Municipio Principal,zpombo@example.net,72584712,2025-07-27,Premium
119,Félix Echeverría-Bolaños,79,M,San Vicente,Municipio Principal,nechevarria@example.net,73483670,2025-07-13,Premium
120,Pepito Losada Cuervo,28,F,San Miguel,Chinameca,ariasalbano@example.org,76667698,2024-03-19,Individual
121,Ariadna Uribe Guitart,36,M,Cabañas,Municipio Principal,ecuellar@example.org,75422746,2024-09-14,Premium
122,Casandra Ordóñez Carreras,47,M,Sonsonate,Municipio Principal,etelvinanadal@example.org,73421624,2025-02-25,Empresarial
123,Isidoro Moya,24,M,La Unión,Municipio Principal,oliviamaza@example.com,77737313,2023-03-04,Premium
124,Graciela del Iglesia,73,F,Sonsonate,Municipio Principal,carlos02@example.net,78793969,2023-06-24,Premium
125,Maximiliano Manzanares Arnaiz,63,F,Cuscatlán,Municipio Principal,inigo00@example.com,79698579,2024-11-19,Premium
126,Adolfo Pardo Sobrino,44,F,La Paz,Municipio Principal,andreaamor@example.com,76793513,2023-08-09,Premium
127,Rocío Pedrero Blanch,63,M,San Vicente,Municipio Principal,pzamorano@example.net,76372243,2023-10-06,Premium
128,Ernesto Pont,74,F,La Libertad,Antiguo Cuscatlán,merche87@example.net,71265278,2023-05-31,Empresarial
129,Aitana Vicente Manuel,32,F,Cabañas,Municipio Principal,egilabert@example.com,74121190,2024-06-22,Individual
130,Griselda Carmen Matas Ribes,19,M,Morazán,Municipio Principal,vneira@example.net,74787640,2024-08-31,Empresarial
131,Eloy Peinado Suarez,68,F,Santa Ana,Metapán,marcelino59@example.net,77582156,2024-03-21,Individual
132,Alejandro Fonseca Mir,68,F,La Paz,Municipio Principal,crescenciapol@example.org,78524168,2025-09-25,Individual
133,Alonso Marin Piquer,74,F,Usulután,Municipio Principal,baezacloe@example.net,76031704,2023-08-06,Empresarial
134,Virginia Castañeda Moles,79,M,San Miguel,San Miguel,oriana34@example.net,78010235,2023-10-17,Empresarial
135,Nico Real Narváez,36,M,La Paz,Municipio Principal,borrasmaria-dolores@example.org,79226387,2024-03-25,Premium
136,Baudelio Fuertes Santiago,42,M,Usulután,Municipio Principal,arellanomario@example.net,74687700,2024-02-24,Premium
137,Sonia Andreu Goicoechea,42,F,Sonsonate,Municipio Principal,reyescayetana@example.net,78639243,2025-05-01,Individual
138,Carmina Tur Teruel,52,M,San Salvador,Delgado,urrutiacarmelita@example.com,73492867,2024-07-25,Individual
139,Alcides Miró,80,M,San Vicente,Municipio Principal,hortensia06@example.net,77213480,2024-12-13,Individual
140,Horacio del Santiago,48,M,Morazán,Municipio Principal,gordillomerche@example.com,77913713,2023-06-09,Empresarial
141,Nadia Sevilla Miguel,37,F,Usulután,Municipio Principal,telloflorentina@example.com,78012250,2024-11-28,Individual
142,Anacleto Hervás Botella,37,F,La Unión,Municipio Principal,natalia17@example.com,76522090,2023-09-22,Premium
143,Melchor Reina-Rocha,70,F,La Unión,Municipio Principal,svillar@example.net,75722740,2022-12-16,Individual
144,Fabián del Contreras,51,M,Santa Ana,Chalchuapa,claudio22@example.org,72616844,2024-07-24,Premium
145,Óscar Botella,20,F,San Vicente,Municipio Principal,heliodoro49@example.com,72657517,2024-11-12,Premium
146,Chucho Valcárcel Carrillo,20,F,San Miguel,Nueva Guadalupe,spenas@example.net,78217540,2025-01-25,Individual
147,Vicente Briones-Segura,33,M,Santa Ana,Metapán,grandecruz@example.net,71570393,2023-03-31,Individual
148,Noa Artigas Marti,40,M,Cuscatlán,Municipio Principal,morena42@example.net,76574364,2023-06-18,Empresarial
149,Joaquina Aitana Suarez Feijoo,41,M,Ahuachapán,Municipio Principal,ceciliamartin@example.net,71128354,2023-11-11,Empresarial
150,Américo Nieto Ródenas,44,M,San Vicente,Municipio Principal,fortunatotorralba@example.net,71435951,2023-12-24,Individual
151,Pilar Robledo Clavero,19,F,Santa Ana,Metapán,dmateo@example.org,76196177,2024-05-04,Premium
152,Mamen Verdejo Gisbert,19,F,Morazán,Municipio Principal,doralosa@example.net,73262282,2025-10-06,Empresarial
153,Marisol Carreño Clemente,41,F,Sonsonate,Municipio Principal,juradomaria@example.net,73140982,2023-09-01,Empresarial
154,Rosalina Buendía Olmedo,39,M,San Salvador,Soyapango,marcelonino@example.net,74235856,2025-01-31,Premium
155,Marta Castejón Santamaria,66,M,Morazán,Municipio Principal,cosme35@example.com,79892042,2024-07-19,Premium
156,Fátima Jara,36,M,San Vicente,Municipio Principal,socorrovilla@example.com,72170243,2025-08-19,Individual
157,Leyre Salinas,35,M,Sonsonate,Municipio Principal,yesicaaliaga@example.com,72879971,2024-07-02,Empresarial
158,Leyre Querol Carnero,20,M,Chalatenango,Municipio Principal,cabezanatanael@example.com,76990650,2024-07-13,Empresarial
159,Isidro Guzman Olmo,31,M,Ahuachapán,Municipio Principal,teresamendez@example.com,74015391,2024-12-16,Premium
160,Nydia Marina Pedrero Garay,43,F,La Unión,Municipio Principal,cvillalba@example.com,73647475,2024-07-08,Premium
161,Jeremías Catalán-Landa,30,F,La Unión,Municipio Principal,pbertran@example.net,78934653,2024-07-06,Premium
162,Severiano Roldan Montserrat,23,M,Sonsonate,Municipio Principal,flor52@example.net,71952768,2025-05-15,Premium
163,Luis Miguel Romeu Almeida,31,M,Cuscatlán,Municipio Principal,esmeraldabonet@example.org,78624287,2025-08-28,Empresarial
164,Jacinto de Rocamora,46,F,Cabañas,Municipio Principal,benita85@example.com,79210290,2022-10-25,Empresarial
165,Ovidio Giménez Trujillo,70,F,Cabañas,Municipio Principal,trubio@example.net,74695220,2024-12-31,Individual
166,Nilda Aroca Cabello,54,M,Sonsonate,Municipio Principal,bertaropero@example.com,79807884,2025-07-13,Individual
167,Leonor Alarcón,63,M,San Salvador,San Salvador,maria-belenagullo@example.com,72845786,2025-03-06,Premium
168,Patricio de Chaves,72,M,Morazán,Municipio Principal,vallejoprudencia@example.org,78171207,2023-04-02,Individual
169,José Luis Mena Sanjuan,39,F,San Vicente,Municipio Principal,sergio44@example.org,76898774,2025-02-06,Individual
170,Visitación Infante Sierra,42,F,Ahuachapán,Municipio Principal,atilio78@example.com,73074799,2023-01-15,Empresarial
171,María Del Carmen Redondo Sabater,21,F,Cabañas,Municipio Principal,hcorral@example.net,76920771,2023-03-23,Individual
172,Martirio Rebollo Soria,39,M,Sonsonate,Municipio Principal,edgar95@example.net,71841934,2025-01-22,Premium
173,Vicenta del Cantero,65,F,Cuscatlán,Municipio Principal,ursula43@example.org,72177263,2024-04-18,Premium
174,Toño Martinez Cabañas,76,F,San Salvador,Mejicanos,guadalupesanabria@example.com,72069688,2024-03-28,Premium
175,Isa Chelo Bartolomé Lorenzo,25,M,Chalatenango,Municipio Principal,pacifica13@example.org,75400742,2024-02-24,Individual
176,Griselda Heredia Fernández,73,F,Santa Ana,Chalchuapa,ingridtalavera@example.net,74741178,2024-11-20,Premium
177,Albino Santana Acero,23,F,Usulután,Municipio Principal,rocioarellano@example.net,72616377,2024-03-17,Premium
178,Guillermo Leiva-Aguirre,22,M,Sonsonate,Municipio Principal,bpinto@example.org,74147310,2025-08-28,Premium
179,Ismael Esteve-Alcaraz,58,M,La Paz,Municipio Principal,asenjogerardo@example.com,79981875,2025-09-13,Empresarial
180,Daniela Nicolau,41,F,Santa Ana,Chalchuapa,colomerfebe@example.com,77247346,2025-06-17,Premium
181,Moisés Cantón Blanca,70,F,Cuscatlán,Municipio Principal,azenethleon@example.com,77407135,2024-04-04,Premium
182,Jacobo Frutos Melero,73,F,Ahuachapán,Municipio Principal,joel83@example.com,72029784,2024-09-11,Premium
183,África Orozco Jurado,73,F,Ahuachapán,Municipio Principal,corona88@example.com,73937682,2025-01-23,Empresarial
184,Gala Talavera Carpio,55,F,Santa Ana,Chalchuapa,nayara77@example.org,74593022,2023-05-07,Premium
185,Reyes Ramirez,54,M,La Paz,Municipio Principal,ocompany@example.org,73332087,2023-04-06,Empresarial
186,David Flores-Solé,68,M,Santa Ana,Metapán,carlospalomares@example.com,74556706,2023-06-09,Empresarial
187,Samuel Aguilar-Esparza,30,M,San Miguel,Chinameca,asalvador@example.net,79196561,2024-05-04,Premium
188,Severo Juan Rosales,40,F,San Vicente,Municipio Principal,quique02@example.org,71850531,2025-01-06,Premium
189,Dora Luz Neira,34,M,La Unión,Municipio Principal,ncarreras@example.com,72397262,2024-11-03,Individual
190,Fermín Mascaró Montesinos,35,F,Morazán,Municipio Principal,trinidad35@example.com,77473215,2024-05-20,Premium
191,Marina Almagro Zamora,52,F,Chalatenango,Municipio Principal,iarellano@example.org,73824407,2025-06-02,Empresarial
192,María Cristina Dominga Galván Acero,43,M,Ahuachapán,Municipio Principal,beatrizpablo@example.com,73145668,2022-10-28,Empresarial
193,Sara Sanjuan Morales,18,M,La Unión,Municipio Principal,marinzaida@example.org,74405899,2025-08-24,Premium
194,Florina Adadia-Verdú,78,F,La Libertad,Zaragoza,leonteodosio@example.org,74242357,2023-05-21,Premium
195,Albino Valero España,61,M,Cuscatlán,Municipio Principal,vitosandoval@example.com,79860633,2023-01-20,Empresarial
196,Rocío Mateu Cabrero,40,F,La Libertad,Zaragoza,rosariosola@example.org,77651329,2022-11-29,Empresarial
197,Petrona Peláez Ferrero,73,M,Cabañas,Municipio Principal,casemiroesparza@example.net,79503046,2024-04-01,Empresarial
198,Adoración Adán Pulido,33,M,Usulután,Municipio Principal,joan29@example.com,74980522,2025-09-06,Individual
199,León Castillo Rodríguez,21,F,Cabañas,Municipio Principal,apalomares@example.org,79667889,2025-01-05,Premium
200,Marina Manrique Jimenez,41,M,Cuscatlán,Municipio Principal,cespedesrufina@example.net,78398329,2025-02-14,Premium
201,Iker Lorenzo Madrid Tejero,43,M,Cuscatlán,Municipio Principal,qriera@example.net,78077593,2023-07-10,Empresarial
202,Rosario Vara Rueda,54,M,Cabañas,Municipio Principal,azeneth41@example.net,77666552,2024-08-30,Premium
203,Luís Córdoba,47,M,Santa Ana,Santa Ana,elisabet37@example.org,71421841,2025-09-13,Individual
204,Calista Zamora,66,F,La Paz,Municipio Principal,aceroconsuelo@example.com,77408208,2025-04-15,Empresarial
205,Ruben Murcia Cáceres,68,M,San Salvador,San Salvador,mpages@example.net,76029306,2023-04-01,Individual
206,Marcelo Octavio Agudo Peláez,65,M,Morazán,Municipio Principal,dsoria@example.org,74975675,2024-04-14,Individual
207,Fidel Páez Pulido,55,F,La Paz,Municipio Principal,norberto76@example.net,75917709,2024-02-19,Individual
208,Macario Pintor Alvarado,60,F,San Salvador,San Salvador,jose-ignaciocal@example.net,77105902,2024-12-27,Premium
209,Octavia Carlos Vargas,63,M,Santa Ana,Chalchuapa,jaeninocencio@example.org,76650752,2023-05-30,Individual
210,Jose Carlos Cano,60,M,La Libertad,Zaragoza,lisandro57@example.net,76346019,2024-02-01,Premium
211,María Díez Casals,51,F,Ahuachapán,Municipio Principal,itziar36@example.com,77036419,2024-01-19,Premium
212,Basilio Molina,38,M,Usulután,Municipio Principal,cloe82@example.com,75200098,2024-03-02,Empresarial
213,Gaspar Gual Viña,29,F,Ahuachapán,Municipio Principal,valencianoaraceli@example.org,77068586,2022-12-10,Premium
214,Teodoro Sáenz-Casals,56,F,Chalatenango,Municipio Principal,ferrandorenato@example.net,71173723,2023-02-18,Empresarial
215,Rubén Almansa Fajardo,38,M,Ahuachapán,Municipio Principal,murciatere@example.net,76798864,2023-08-22,Premium
216,Encarna Cañete Rozas,48,F,Morazán,Municipio Principal,agelabert@example.net,75837126,2023-06-23,Premium
217,África Quintero Orozco,50,F,Cabañas,Municipio Principal,hipolitooliver@example.org,75198570,2024-10-02,Empresarial
218,Fabiana Saez Ribas,21,F,Morazán,Municipio Principal,lazarotejada@example.org,74324787,2023-08-23,Premium
219,Teodosio Pou,54,F,San Vicente,Municipio Principal,estelabuendia@example.net,75580263,2024-11-10,Individual
220,Maristela Cabrera Álvaro,46,F,La Paz,Municipio Principal,rochacarmelo@example.com,79217122,2023-09-06,Premium
221,Herminio Chacón Rojas,64,F,La Libertad,Santa Tecla,perlagoni@example.com,72633498,2025-02-23,Empresarial
222,Dalila Huguet Valentín,32,M,Santa Ana,Chalchuapa,margaritacuellar@example.org,78199116,2022-11-01,Premium
223,África Natalia Ramirez Larrea,42,F,Usulután,Municipio Principal,morantesamu@example.org,72599362,2022-11-21,Individual
224,Paula Sanabria Domínguez,74,F,San Vicente,Municipio Principal,banosmarita@example.com,79742178,2023-11-22,Empresarial
225,Flor Maza,78,F,San Salvador,Delgado,lucas07@example.org,74373009,2023-07-20,Premium
226,Cayetana Reina-Millán,54,F,Chalatenango,Municipio Principal,lmanjon@example.org,79402254,2025-04-04,Individual
227,Lola Cerdán Rodriguez,79,M,La Paz,Municipio Principal,ambrosiorivas@example.org,73324973,2024-06-20,Individual
228,Rafael Rivero Calzada,71,M,Morazán,Municipio Principal,jplanas@example.net,74535987,2024-12-01,Premium
229,Dionisio Córdoba Galvez,26,M,Usulután,Municipio Principal,florencia51@example.com,78568532,2023-07-14,Individual
230,Feliciana Cañas Arteaga,71,M,Cuscatlán,Municipio Principal,sobrinoetelvina@example.com,73283836,2024-05-11,Empresarial
231,Manu de Llamas,74,F,Cabañas,Municipio Principal,evangelina34@example.com,77820711,2023-01-25,Individual
232,Fulgencio Carreras Verdú,30,M,Cuscatlán,Municipio Principal,baltasaryanez@example.com,72237283,2023-07-31,Individual
233,Bernardino Quintero Villanueva,51,M,La Libertad,Antiguo Cuscatlán,flora05@example.net,76552742,2024-07-26,Empresarial
234,Jose Miguel Vives Pozo,19,F,La Paz,Municipio Principal,salomefrias@example.com,72383423,2023-07-31,Premium
235,Viviana Elisabet Medina Morell,74,F,Usulután,Municipio Principal,nico05@example.net,76305130,2024-06-24,Premium
236,Teresita León Prado,33,M,La Libertad,Antiguo Cuscatlán,rufinosanchez@example.com,79126804,2025-06-16,Premium
237,Alba Llanos Reguera,23,M,San Vicente,Municipio Principal,ernestoiniesta@example.com,73501092,2023-08-15,Premium
238,Inés Riquelme Santos,80,F,San Vicente,Municipio Principal,eva-maria40@example.org,73750882,2023-01-01,Empresarial
239,Hilario Jordá Domínguez,18,M,Usulután,Municipio Principal,barberogodofredo@example.net,72038143,2024-01-02,Empresarial
240,Manuel Emilio Reina Mancebo,39,F,Cabañas,Municipio Principal,jarmas@example.net,76111016,2024-06-20,Premium
241,Nadia Pacheco Lopez,73,F,La Paz,Municipio Principal,wtudela@example.net,75390467,2024-02-18,Premium
242,Macario Miró Morell,43,M,San Miguel,San Miguel,almazanpaca@example.net,71336291,2025-02-17,Empresarial
243,Adelia Gracia,66,F,San Salvador,Soyapango,gregoriolobato@example.net,73981950,2023-04-02,Individual
244,Reyes Frutos-Mateos,37,F,Santa Ana,Chalchuapa,marcoshector@example.com,75464614,2023-04-21,Individual
245,Luz Zoraida Águila Raya,67,M,Chalatenango,Municipio Principal,lvalenzuela@example.com,76914969,2024-10-03,Empresarial
246,Otilia Barragán-Juárez,32,M,La Libertad,Zaragoza,cesar71@example.org,74284081,2025-04-06,Individual
247,Felipe Pazos,64,M,Cabañas,Municipio Principal,mlujan@example.net,79495408,2023-10-15,Premium
248,Diana Calderon,21,M,Ahuachapán,Municipio Principal,lbelda@example.org,73377295,2024-05-09,Empresarial
249,Ramón Bosch Calleja,74,M,San Vicente,Municipio Principal,kmarmol@example.net,79519909,2024-08-28,Empresarial
250,Joel Bermudez Cases,54,M,Chalatenango,Municipio Principal,eugenio40@example.com,74256660,2024-07-18,Premium
251,Úrsula de España,65,M,Ahuachapán,Municipio Principal,nogueraangel@example.net,74148372,2022-11-22,Empresarial
252,Teodosio Alberdi,24,F,La Libertad,Antiguo Cuscatlán,ramoscandelario@example.net,71500556,2023-12-22,Empresarial
253,Lupe Pareja Arcos,69,M,Ahuachapán,Municipio Principal,ernesto61@example.org,71862309,2024-01-29,Empresarial
254,Carina Rodrigo Baeza,73,F,Morazán,Municipio Principal,bernatmamen@example.com,71727053,2024-05-11,Empresarial
255,Virgilio Ugarte-Rozas,34,M,Cabañas,Municipio Principal,irma68@example.com,77873465,2022-11-22,Individual
256,Candela Vallejo Ordóñez,41,F,Chalatenango,Municipio Principal,evangelina79@example.net,74832100,2023-11-06,Empresarial
257,Marisela Izaguirre Lara,34,F,Cuscatlán,Municipio Principal,sandovaljose-francisco@example.com,74212140,2025-06-07,Empresarial
258,Heliodoro Castillo Saez,66,F,San Vicente,Municipio Principal,xavieralamo@example.org,79644710,2025-04-21,Empresarial
259,Urbano Hermenegildo Mendizábal Recio,34,M,La Unión,Municipio Principal,mcastillo@example.net,74515701,2024-10-31,Individual
260,Abel Silva Barceló,50,F,Usulután,Municipio Principal,sevebeltran@example.org,71674674,2022-11-03,Individual
261,Nilo de Beltran,41,M,La Paz,Municipio Principal,zjaume@example.com,74570151,2025-09-16,Premium
262,Plácido Casas Pulido,44,M,Cuscatlán,Municipio Principal,felipepintor@example.org,78259621,2023-12-13,Empresarial
263,Cruz Raya Rosa,40,M,Usulután,Municipio Principal,rcortes@example.com,77071562,2024-07-07,Empresarial
264,Yéssica Mena Pizarro,22,M,Sonsonate,Municipio Principal,albazabaleta@example.org,78443055,2024-09-15,Empresarial
265,Rocío de Berrocal,35,F,San Miguel,San Miguel,isobrino@example.net,79761035,2025-01-23,Premium
266,Sara Arranz Narváez,37,M,Chalatenango,Municipio Principal,gonzalezsosimo@example.net,72749058,2025-08-29,Empresarial
267,Geraldo Mesa Casanova,65,M,La Unión,Municipio Principal,ymanso@example.org,77079147,2023-05-22,Individual
268,Julieta Lucena Villar,44,F,San Miguel,Chinameca,hortensia13@example.net,79860728,2024-01-18,Individual
269,Elvira Valbuena,53,F,San Vicente,Municipio Principal,clemente72@example.org,72880981,2023-11-02,Individual
270,Lorenzo Báez Ledesma,58,F,La Unión,Municipio Principal,marcio31@example.net,72796077,2025-07-24,Premium
271,Edmundo Vallés Lerma,66,F,Chalatenango,Municipio Principal,nazaretaguirre@example.org,74944606,2025-03-04,Premium
272,María Ángeles Salvador Jimenez,78,M,Sonsonate,Municipio Principal,leonorrocamora@example.org,72179667,2023-03-07,Premium
273,Hilda Vargas-Torrents,38,F,Cuscatlán,Municipio Principal,prudencio94@example.com,74571420,2025-03-28,Premium
274,Silvestre Vallejo Monreal,67,M,La Libertad,Zaragoza,ivan53@example.net,78015942,2024-04-05,Empresarial
275,Lucio Porras Amigó,27,F,La Paz,Municipio Principal,ncarro@example.net,77396051,2025-01-23,Individual
276,Rico Pepe Amaya Pascual,59,M,La Paz,Municipio Principal,amatisaura@example.net,72392559,2023-09-13,Premium
277,Sandalio Cerro Crespi,66,F,Sonsonate,Municipio Principal,teresateruel@example.org,78370156,2023-10-25,Premium
278,Fátima Cantón Martín,47,F,Sonsonate,Municipio Principal,roberto57@example.net,74888130,2024-11-08,Premium
279,Nacho del Riera,50,F,San Miguel,Nueva Guadalupe,nllopis@example.org,75925293,2023-08-12,Individual
280,Elisabet Ramón,40,M,Usulután,Municipio Principal,voliva@example.net,73381364,2023-04-13,Premium
281,Carlota Ordóñez Gálvez,44,F,Santa Ana,Metapán,msanmiguel@example.net,73562199,2025-08-11,Empresarial
282,Reyna Patricia Sabater Luque,80,M,Sonsonate,Municipio Principal,dcarbonell@example.org,71504449,2024-02-15,Premium
283,Fernanda Merino Armas,48,M,Usulután,Municipio Principal,bbarros@example.org,74755362,2025-08-19,Empresarial
284,Amelia Arrieta Santamaría,42,F,San Miguel,Nueva Guadalupe,geronimoperera@example.org,76975906,2025-01-14,Individual
285,Lupe Acero-Ledesma,43,F,San Miguel,San Miguel,diego20@example.com,77454934,2022-12-04,Premium
286,Jose Luis Higueras Gomila,40,F,La Unión,Municipio Principal,ejara@example.com,79132821,2023-11-12,Individual
287,Custodia de Pina,19,F,La Libertad,Zaragoza,carlota11@example.net,73449831,2023-03-23,Premium
288,Chucho Benavente Sarabia,48,M,Usulután,Municipio Principal,candelaria77@example.org,73236911,2022-12-20,Premium
289,Zaida Torre-Gámez,49,F,La Paz,Municipio Principal,rufino15@example.net,72197684,2025-04-07,Empresarial
290,Fanny Carlos Barrio,39,M,La Paz,Municipio Principal,jonatangodoy@example.net,74417708,2025-02-14,Individual
291,Juan Antonio del Sosa,76,M,Cabañas,Municipio Principal,fabian34@example.net,72633232,2023-12-21,Empresarial
292,Emiliana Cerdá Gallego,49,M,Usulután,Municipio Principal,anselmatovar@example.net,73658626,2023-10-01,Premium
293,Cirino Castelló Bas,20,M,San Salvador,Delgado,leocadio15@example.org,73384028,2024-01-22,Premium
294,Primitiva Bermudez,31,F,San Salvador,Mejicanos,qpenas@example.com,78573041,2025-05-18,Individual
295,Amada Riba,61,F,Ahuachapán,Municipio Principal,tmelero@example.com,77133605,2024-08-03,Premium
296,Mario Prada Palacios,63,M,La Paz,Municipio Principal,apariciosamanta@example.net,75913749,2024-11-09,Empresarial
297,Pepita Lledó Rivero,24,F,Chalatenango,Municipio Principal,alvarososa@example.com,72219533,2024-04-04,Empresarial
298,Aránzazu Seco Silva,30,M,Cabañas,Municipio Principal,huertasmaribel@example.org,79875997,2023-02-26,Premium
299,Plácido de Agustí,71,F,Ahuachapán,Municipio Principal,maria-pilarrodriguez@example.net,76218140,2022-12-09,Individual
300,Mauricio Alcalá Leal,48,F,Morazán,Municipio Principal,cerdatere@example.net,72339388,2024-03-14,Empresarial
301,Maximiliano del Cano,49,M,La Libertad,Antiguo Cuscatlán,paola32@example.org,77062188,2024-08-24,Individual
302,Obdulia Palomar Quiroga,34,F,La Unión,Municipio Principal,zvara@example.net,77482704,2025-05-10,Individual
303,Cosme Granados Artigas,21,M,San Salvador,Mejicanos,blancabarbara@example.com,74890070,2023-04-04,Premium
304,Evita Fanny Vázquez Alfaro,66,F,Usulután,Municipio Principal,farremario@example.net,77955026,2023-11-23,Premium
305,Gregorio Cobo-Ayuso,62,M,San Miguel,Chinameca,felix91@example.com,71599366,2023-06-15,Individual
306,Teresa Marti-Riquelme,64,F,La Libertad,Antiguo Cuscatlán,charo66@example.com,79668468,2024-11-23,Individual
307,Clímaco Múñiz Ojeda,31,M,La Libertad,Zaragoza,raragon@example.com,71192176,2023-03-27,Individual
308,Casandra Piña Carranza,67,M,Ahuachapán,Municipio Principal,nilo20@example.com,77707872,2023-07-30,Individual
309,Poncio Bustamante Blazquez,41,F,La Paz,Municipio Principal,damaya@example.com,71576118,2024-11-01,Individual
310,Jenny Tamayo Caparrós,59,M,Ahuachapán,Municipio Principal,ilinares@example.org,71587595,2023-05-21,Premium
311,Asunción Cabo-Milla,31,M,Morazán,Municipio Principal,dpozuelo@example.com,75091168,2023-08-31,Empresarial
312,Celestino Cordero-Crespo,44,F,Cuscatlán,Municipio Principal,juan42@example.net,75876332,2025-06-05,Empresarial
313,Rosa María Céspedes Vilalta,77,F,Santa Ana,Metapán,conrado30@example.com,72769759,2025-03-10,Empresarial
314,Bienvenida Ríos Oliva,42,M,Chalatenango,Municipio Principal,quesadaloida@example.com,74210116,2025-09-10,Premium
315,Gracia Luque Arce,30,M,Chalatenango,Municipio Principal,herediaolimpia@example.com,74851648,2024-06-26,Premium
316,Marcio Tomás España,64,F,La Unión,Municipio Principal,amadoritziar@example.com,78605695,2024-10-25,Empresarial
317,Lara Manrique Prats,39,M,Cabañas,Municipio Principal,julietoro@example.org,73272398,2022-12-08,Individual
318,Evaristo Monreal-Castejón,57,F,La Libertad,Santa Tecla,dionisiabas@example.org,72246756,2024-10-23,Empresarial
319,Chus Mayo Vilalta,76,F,La Paz,Municipio Principal,zmanzano@example.net,73372839,2025-04-18,Premium
320,Severo Nicolás-Téllez,29,M,Cabañas,Municipio Principal,xclemente@example.net,78472701,2023-11-29,Individual
321,Iván Viana Segovia,22,F,San Vicente,Municipio Principal,german26@example.net,73152203,2025-08-07,Premium
322,Cándida Febe Zorrilla Garzón,73,F,Ahuachapán,Municipio Principal,sabas03@example.org,71255345,2025-01-21,Individual
323,Rosalinda Mancebo Cózar,47,M,San Miguel,San Miguel,arielblanes@example.org,74407047,2022-11-07,Premium
324,Gabriel Ibáñez Nogueira,56,M,Sonsonate,Municipio Principal,apintor@example.org,75756298,2023-05-15,Empresarial
325,Aurora Martorell,64,F,San Vicente,Municipio Principal,jafet01@example.org,73759606,2024-02-15,Empresarial
326,Ruy Roldán Aragón,42,F,Ahuachapán,Municipio Principal,maria-fernandamartorell@example.com,73200446,2022-12-19,Individual
327,Crescencia Chita Bueno Torres,74,F,Cabañas,Municipio Principal,gallegoximena@example.com,71801095,2023-05-01,Individual
328,María Teresa Reyna Sala Guillén,34,M,Cuscatlán,Municipio Principal,lmanrique@example.net,75371762,2023-10-24,Individual
329,María Pilar Solé Abellán,33,F,Cabañas,Municipio Principal,gonzalezsigfrido@example.net,74449389,2024-03-22,Premium
330,Zaida Aragón-Solano,33,F,Usulután,Municipio Principal,eladioasensio@example.org,76997719,2023-05-21,Empresarial
331,Geraldo Amigó Lasa,69,M,San Miguel,Nueva Guadalupe,duiliovera@example.com,79102111,2023-06-16,Individual
332,Eloísa Primitiva Bejarano Pellicer,46,M,San Vicente,Municipio Principal,ribesclementina@example.net,71409798,2022-11-27,Empresarial
333,Antonia Anaya-Rodriguez,43,M,Ahuachapán,Municipio Principal,baltasarlago@example.org,77076387,2024-09-28,Premium
334,Nicodemo Collado-Catalá,43,M,Ahuachapán,Municipio Principal,candelaria73@example.net,78562865,2023-09-01,Empresarial
335,Clara Perea Mateos,47,F,Santa Ana,Santa Ana,jdieguez@example.org,72748124,2023-05-18,Empresarial
336,Amarilis Vázquez Báez,22,F,Morazán,Municipio Principal,navarretejuana@example.org,77110804,2024-03-31,Premium
337,Ariel Berta Cáceres Saez,50,M,Santa Ana,Chalchuapa,amayaparra@example.net,78044817,2024-01-13,Premium
338,Natanael Santamaria,42,F,Usulután,Municipio Principal,obdulialinares@example.org,78779222,2024-12-22,Individual
339,Félix Barranco Peinado,64,M,Chalatenango,Municipio Principal,dimas04@example.com,77869950,2024-01-25,Empresarial
340,Adelia Olmedo,20,M,Cuscatlán,Municipio Principal,xalvarado@example.com,76973195,2025-05-26,Empresarial
341,Leyre Oliva Godoy,49,M,Cuscatlán,Municipio Principal,olivepetrona@example.com,74288550,2023-06-03,Empresarial
342,Jennifer Jenny Catalán Lucas,27,M,Cabañas,Municipio Principal,eufemia33@example.net,71059759,2024-01-08,Individual
343,Teófila Moreno,53,M,Cuscatlán,Municipio Principal,alejo21@example.com,75011797,2025-04-15,Premium
344,Jacinto Lobato Sales,69,F,Usulután,Municipio Principal,fortunatamontoya@example.net,74749380,2025-05-30,Empresarial
345,Alondra Porta Crespo,75,M,La Libertad,Antiguo Cuscatlán,anselmaherranz@example.org,76595036,2023-03-21,Empresarial
346,Aníbal Carreño Carrión,28,M,La Unión,Municipio Principal,carmonamoises@example.org,76849152,2023-01-12,Empresarial
347,Brunilda Cid Ferrera,39,F,Cuscatlán,Municipio Principal,claudiomarti@example.net,75875442,2024-08-18,Premium
348,Fortunato Codina Salgado,36,M,Cabañas,Municipio Principal,jarabegona@example.net,72641232,2025-01-20,Empresarial
349,Calista Juanita Andres Peralta,66,F,Santa Ana,Santa Ana,tatianalanda@example.net,79682859,2024-09-09,Premium
350,Obdulia Pinilla,80,F,La Paz,Municipio Principal,benignomurcia@example.com,71076202,2023-01-31,Individual
351,Amador Vall,64,F,Ahuachapán,Municipio Principal,agustinflorencio@example.com,73956586,2023-10-06,Individual
352,Norberto Vilalta Cerdá,21,F,Morazán,Municipio Principal,maripio@example.net,78854392,2024-10-07,Individual
353,Itziar Bertrán Valverde,80,M,La Paz,Municipio Principal,horaciopozuelo@example.net,71100571,2023-10-21,Individual
354,Abilio Borja Jimenez,79,F,La Paz,Municipio Principal,claveronelida@example.org,75854887,2023-11-14,Premium
355,Eugenio Seguí Vidal,39,F,San Miguel,Chinameca,encarnacionllamas@example.net,71615764,2024-02-26,Individual
356,Juan Pablo Alegria Múgica,80,M,Sonsonate,Municipio Principal,fortunata41@example.org,75033088,2023-11-03,Individual
357,Gastón Girón Aller,75,M,La Libertad,Santa Tecla,evidal@example.org,75411022,2022-11-14,Individual
358,Paz Paniagua Pedraza,56,F,San Salvador,Soyapango,erecio@example.org,76456601,2023-03-03,Premium
359,Juan José Calzada Roig,53,M,Cabañas,Municipio Principal,carlito53@example.org,77705774,2023-04-10,Empresarial
360,Blanca Doménech-Arce,43,M,La Paz,Municipio Principal,concepcion24@example.org,74952907,2025-03-23,Empresarial
361,Trinidad Pizarro Sevillano,41,M,La Libertad,Zaragoza,franciscovirgilio@example.org,75298486,2023-04-25,Individual
362,Imelda Herrero Reina,59,F,Chalatenango,Municipio Principal,upascual@example.org,78053100,2022-11-17,Premium
363,Jose Antonio Galván-Aguado,47,F,La Paz,Municipio Principal,xroyo@example.net,79889884,2025-02-09,Individual
364,Nidia del Lopez,41,M,Santa Ana,Chalchuapa,nacho93@example.com,71166701,2023-01-08,Individual
365,Iris Noemí Rosales Carnero,71,M,Morazán,Municipio Principal,maria-doloresguitart@example.net,78409643,2025-02-19,Individual
366,Chucho Moliner Pujadas,79,M,Morazán,Municipio Principal,manzanojose-maria@example.net,75428423,2023-07-18,Empresarial
367,Abilio Tomás Blanes,32,F,San Miguel,Nueva Guadalupe,afalco@example.org,73972448,2025-02-21,Premium
368,Violeta Garzón Maza,31,M,Sonsonate,Municipio Principal,madridflorinda@example.net,71478215,2023-05-02,Empresarial
369,Luis Iglesias Castellanos,69,M,Sonsonate,Municipio Principal,candelariapenalver@example.org,73257779,2023-06-29,Empresarial
370,Eva Rico,23,F,Cabañas,Municipio Principal,reyeschita@example.net,77391277,2023-04-18,Individual
371,Ana Puga Cornejo,79,F,Sonsonate,Municipio Principal,sharo@example.com,78837495,2023-06-02,Empresarial
372,Concha Palma Arcos,65,M,La Libertad,Antiguo Cuscatlán,iban23@example.org,72414638,2025-09-11,Premium
373,Emelina Plaza Mateo,66,F,La Paz,Municipio Principal,campillojulie@example.org,74000171,2024-01-05,Premium
374,Anacleto Grande Herrero,41,F,Santa Ana,Santa Ana,jose-angeltirado@example.org,73856239,2025-04-06,Empresarial
375,Demetrio Real Gómez,65,F,Cuscatlán,Municipio Principal,ramiromontes@example.com,74459411,2023-07-17,Premium
376,Victor Manuel Andreu Arnau,71,M,Morazán,Municipio Principal,ildefonsomayo@example.net,76720393,2022-12-09,Premium
377,Asunción Cáceres Villalobos,62,M,Cabañas,Municipio Principal,casemiro49@example.com,72442633,2025-03-30,Premium
378,Abigaíl del Acosta,41,M,Cuscatlán,Municipio Principal,bastidaolivia@example.net,76805392,2024-06-17,Premium
379,Jordi Moraleda Sosa,56,M,Santa Ana,Santa Ana,ximenaparedes@example.com,74304861,2023-05-05,Empresarial
380,Anacleto Becerra-Taboada,77,F,Sonsonate,Municipio Principal,gmartorell@example.com,72575793,2023-04-15,Individual
381,Octavia Mínguez Bayona,78,F,Ahuachapán,Municipio Principal,concepcionrosello@example.net,79757511,2024-05-13,Premium
382,Federico Adán Santiago,29,F,Cuscatlán,Municipio Principal,fortunycecilio@example.com,77240224,2025-07-13,Empresarial
383,Manu Santamaria España,64,F,Santa Ana,Metapán,cisnerossocorro@example.com,77392108,2025-03-26,Individual
384,Manuel Echeverría Bonilla,49,M,San Salvador,Delgado,chucho39@example.net,71835586,2023-05-19,Premium
385,Olivia Camino Prado,27,M,Santa Ana,Chalchuapa,wferrer@example.net,78857815,2024-05-12,Empresarial
386,Estefanía Baños-Tejero,43,M,Usulután,Municipio Principal,chitacamara@example.org,76816006,2024-02-26,Individual
387,Julio Huerta Escamilla,42,M,Santa Ana,Metapán,dalmauabilio@example.net,71000719,2025-07-25,Premium
388,Rebeca Vergara,77,F,San Vicente,Municipio Principal,urbano81@example.net,76126284,2022-11-11,Premium
389,Carlota Orozco Cañizares,73,F,Ahuachapán,Municipio Principal,godoycarlos@example.net,74516482,2025-08-09,Premium
390,Herberto Rocha Bernat,70,F,La Libertad,Santa Tecla,florencia46@example.com,77358373,2023-03-25,Premium
391,Domingo Gutierrez-Sabater,21,F,La Libertad,Zaragoza,otilia53@example.net,73203435,2023-01-02,Individual
392,Chus Verdejo Gascón,73,F,Santa Ana,Santa Ana,duartealvaro@example.net,72228657,2025-02-20,Premium
393,Onofre Criado Beltran,37,M,Cabañas,Municipio Principal,samanta96@example.net,75476495,2024-12-02,Individual
394,Baldomero Baena,64,M,San Vicente,Municipio Principal,riveroflorentina@example.com,72393244,2024-02-23,Premium
395,Reinaldo del Fábregas,49,M,Santa Ana,Chalchuapa,goyo26@example.org,72375538,2023-02-06,Empresarial
396,Jose Ramón Castelló Valle,25,M,La Paz,Municipio Principal,florencia07@example.com,72853682,2023-02-17,Empresarial
397,Daniela de Olmo,77,M,San Vicente,Municipio Principal,qribera@example.com,72851752,2023-07-22,Individual
398,Jorge Amat-Company,74,F,San Miguel,Nueva Guadalupe,lortega@example.org,78881408,2023-05-10,Empresarial
399,Alejo Lázaro Bermúdez Casado,67,M,San Salvador,Mejicanos,vigilnoa@example.com,74547483,2022-11-16,Premium
400,Calixto Querol Terrón,27,F,Chalatenango,Municipio Principal,alamomodesta@example.org,72841214,2025-08-05,Empresarial
401,Genoveva Barbero-Bayón,60,F,Chalatenango,Municipio Principal,rbru@example.org,71556351,2022-12-26,Empresarial
402,Reyes Martí Paredes,67,F,Santa Ana,Metapán,adalbertozabaleta@example.net,75416878,2023-10-30,Individual
403,Pánfilo Ángel Millán,43,M,Usulután,Municipio Principal,epalomino@example.org,74159358,2023-11-23,Individual
404,María Gallardo-Fortuny,20,F,Cabañas,Municipio Principal,calixto33@example.com,71935806,2025-05-12,Empresarial
405,María José Perelló Tomas,20,F,Santa Ana,Metapán,arranzsara@example.org,73920906,2024-12-12,Individual
406,Xavier Villaverde Santamaría,80,M,Morazán,Municipio Principal,fpla@example.org,79491554,2024-06-29,Individual
407,Alondra de Egea,47,F,Chalatenango,Municipio Principal,pfiol@example.org,76083049,2023-01-21,Premium
408,Carmelita Amor Aguirre,22,M,Usulután,Municipio Principal,emanrique@example.org,79254650,2025-08-30,Empresarial
409,Gaspar Blasco Corbacho,49,F,Usulután,Municipio Principal,luis-miguelplanas@example.net,79726838,2023-08-21,Individual
410,Victoria Morán Baños,37,F,Cabañas,Municipio Principal,alonsoromero@example.net,73526101,2024-01-28,Premium
411,Jose Manuel del Duque,26,F,San Salvador,Apopa,severiano44@example.org,71462891,2025-04-28,Empresarial
412,Raquel Arnaiz Tur,50,F,Sonsonate,Municipio Principal,colive@example.com,71546960,2024-01-23,Individual
413,Lupe Ureña Zamorano,78,F,La Libertad,Antiguo Cuscatlán,feliciano96@example.org,76146706,2025-07-22,Empresarial
414,Candelas Higueras Benito,43,M,La Paz,Municipio Principal,maria-pilar29@example.net,72917311,2023-12-08,Premium
415,Almudena Ríos Palomo,56,M,Sonsonate,Municipio Principal,beatriz83@example.com,78974689,2024-01-03,Premium
416,Ana Belén Nerea Montesinos Villalonga,51,M,Cabañas,Municipio Principal,smontesinos@example.net,72172307,2023-03-27,Individual
417,Sandra Villanueva-Carreras,61,M,Usulután,Municipio Principal,dbertran@example.org,71052289,2022-12-04,Premium
418,Octavio Montaña Águila,43,F,Cuscatlán,Municipio Principal,gimenezcloe@example.org,79392147,2022-12-14,Premium
419,Tecla Jordá-Carmona,18,F,Ahuachapán,Municipio Principal,omateu@example.org,79219289,2025-02-03,Individual
420,Elvira Pareja Patiño,39,M,La Paz,Municipio Principal,isabel14@example.org,72580124,2024-05-24,Premium
421,Hernando Nicolau Hierro,30,M,Chalatenango,Municipio Principal,casasazeneth@example.net,74902286,2024-03-01,Individual
422,Alondra Giner Canales,50,F,Cabañas,Municipio Principal,valentinportillo@example.com,71833968,2025-06-02,Individual
423,Américo Fuster Heras,46,M,San Miguel,Nueva Guadalupe,rodenasoctavia@example.org,75465655,2025-10-06,Individual
424,Manuela Sevillano,20,M,San Miguel,Nueva Guadalupe,marcomorata@example.org,76095177,2024-10-20,Individual
425,Elisabet Gisela Rodriguez Vaquero,33,M,San Miguel,Chinameca,pilarantunez@example.com,74725195,2023-02-05,Individual
426,Ale Marí,54,M,San Miguel,Nueva Guadalupe,ojedamarciano@example.com,75029940,2023-11-25,Premium
427,Adolfo Domínguez Baquero,35,M,Morazán,Municipio Principal,lucas35@example.net,77601743,2024-05-31,Empresarial
428,Andrés Saturnino Martinez Pons,33,F,San Vicente,Municipio Principal,nescolano@example.org,72123201,2025-01-24,Empresarial
429,Renata Roda,34,F,La Unión,Municipio Principal,martagoni@example.org,77879467,2024-07-20,Premium
430,Adelina Gisela Benavent Torre,77,F,Santa Ana,Chalchuapa,wbonilla@example.net,75025575,2023-08-14,Individual
431,René Giménez,67,M,Ahuachapán,Municipio Principal,marias@example.org,75905254,2024-10-03,Individual
432,Eva María Fuente Sáenz,80,F,Sonsonate,Municipio Principal,ariadna26@example.com,79008408,2023-04-28,Empresarial
433,Andrés Alcántara Bonilla,35,F,San Miguel,Nueva Guadalupe,rfabregat@example.com,76775777,2025-09-12,Individual
434,Carmela Ordóñez Pelayo,49,M,La Libertad,Antiguo Cuscatlán,felisasolis@example.net,76415528,2024-08-31,Individual
435,Marita del Borrego,48,F,Chalatenango,Municipio Principal,bartolomevillegas@example.org,72469382,2024-09-07,Individual
436,Anastasio Clavero-Bermúdez,42,M,Cabañas,Municipio Principal,alonso13@example.net,79707192,2024-02-17,Premium
437,Martina Ximena Miranda Varela,62,M,San Salvador,Mejicanos,oliverpaz@example.net,79590763,2023-03-20,Individual
438,Reinaldo Vera Aramburu,21,M,Santa Ana,Santa Ana,gironduilio@example.org,79277017,2024-03-15,Empresarial
439,Bárbara Cabello Garcés,78,M,Morazán,Municipio Principal,crescencia35@example.org,73067561,2023-07-24,Empresarial
440,Mateo Barceló,39,F,La Libertad,Zaragoza,aaranda@example.net,71613709,2025-10-01,Individual
441,Flora Blanes,63,F,Morazán,Municipio Principal,doroteadomenech@example.org,74881521,2023-02-17,Premium
442,Cebrián del Gilabert,36,M,Chalatenango,Municipio Principal,pcolomer@example.net,75823872,2024-12-18,Premium
443,Violeta Laguna Simó,33,M,La Unión,Municipio Principal,rruano@example.com,71290697,2023-10-20,Empresarial
444,Rafaela Atienza-Arribas,40,F,Cuscatlán,Municipio Principal,iroman@example.com,74180117,2023-03-23,Individual
445,Paola Solís Echeverría,80,M,San Vicente,Municipio Principal,oliveranilda@example.org,73041167,2024-05-06,Premium
446,Anselmo del Riera,38,F,Cuscatlán,Municipio Principal,kzaragoza@example.net,74764972,2023-08-06,Premium
447,Aureliano Escamilla Terrón,66,F,Ahuachapán,Municipio Principal,angladaamado@example.com,74983644,2022-12-08,Individual
448,Filomena Barroso,28,M,Ahuachapán,Municipio Principal,linovergara@example.org,76976890,2025-02-18,Individual
449,Chuy Expósito-Barral,53,F,La Unión,Municipio Principal,onofreconesa@example.org,75919961,2025-01-23,Empresarial
450,Zaida Pinedo Morillo,26,F,Chalatenango,Municipio Principal,marciano31@example.net,72107782,2025-06-05,Empresarial
451,Fermín Ferrera,78,M,Sonsonate,Municipio Principal,loretotolosa@example.org,74200035,2022-12-14,Empresarial
452,Teófila Solé Mur,53,F,Usulután,Municipio Principal,estebansuarez@example.org,76544894,2023-04-23,Premium
453,Maxi Agustín Pineda,80,M,San Vicente,Municipio Principal,larreaabril@example.net,78891407,2025-08-29,Premium
454,Luz Alonso Alcalá,51,M,La Paz,Municipio Principal,ambrosiofiguerola@example.org,78470556,2023-12-29,Empresarial
455,Eleuterio Ordóñez Lluch,29,F,San Vicente,Municipio Principal,dgutierrez@example.com,72267106,2023-10-27,Individual
456,Lino Salazar,47,F,La Paz,Municipio Principal,parino@example.net,77725873,2024-02-13,Premium
457,María Carmen Garriga Guijarro,39,M,La Unión,Municipio Principal,blazquezmireia@example.org,73058173,2024-12-20,Premium
458,Amaro Jáuregui Vargas,21,F,Cuscatlán,Municipio Principal,josefina54@example.com,74731901,2024-10-03,Empresarial
459,Celestino Serrano Tudela,66,F,La Unión,Municipio Principal,berengueralicia@example.com,73900991,2023-12-22,Individual
460,Modesto Alonso Nicolás,72,F,San Salvador,San Salvador,olgaabella@example.net,75737203,2023-07-09,Premium
461,Buenaventura Bou Flor,47,M,Morazán,Municipio Principal,ponsmonica@example.org,71069685,2025-04-11,Premium
462,Rafaela Pont Castell,41,F,Cuscatlán,Municipio Principal,martinabarreda@example.net,73927013,2023-07-18,Premium
463,Casandra Jara Marqués,38,F,San Salvador,San Salvador,leandrapinol@example.net,78963519,2024-03-09,Individual
464,Rodolfo Valero Cases Sobrino,74,F,Morazán,Municipio Principal,camila79@example.net,74779230,2025-08-02,Empresarial
465,Tomás Gabino Ayllón Ferreras,74,M,Morazán,Municipio Principal,acunajeremias@example.org,74721382,2025-08-07,Empresarial
466,Néstor Sureda Diego,36,F,Cuscatlán,Municipio Principal,ramon24@example.net,77884307,2023-08-07,Individual
467,María Manuela Mateo Solsona,27,M,Morazán,Municipio Principal,znavas@example.com,72936387,2023-09-24,Individual
468,Joaquina Mariscal Lorenzo,68,F,La Unión,Municipio Principal,pmolina@example.org,71153267,2024-10-12,Empresarial
469,Severo Prado-Solsona,65,M,Ahuachapán,Municipio Principal,sbarroso@example.org,75761465,2025-10-11,Premium
470,Rafa Moles,78,F,Ahuachapán,Municipio Principal,imeldafabra@example.net,71352004,2023-11-14,Empresarial
471,Ramiro de Exposito,57,F,La Libertad,Antiguo Cuscatlán,montanatadeo@example.com,71078692,2023-04-17,Empresarial
472,José María Sans Olivera,76,M,La Libertad,Santa Tecla,elpidioclavero@example.org,75763989,2023-08-28,Individual
473,José Duque-Bueno,21,F,Usulután,Municipio Principal,azorinbaltasar@example.org,71004548,2024-04-01,Individual
474,Rosalina Salazar Blanes,38,F,Cuscatlán,Municipio Principal,consuela25@example.org,79088956,2025-05-14,Individual
475,Cayetano Piquer Arteaga,39,M,Chalatenango,Municipio Principal,joel06@example.com,77213934,2024-10-17,Premium
476,Edelmiro Campoy-Amat,58,F,La Paz,Municipio Principal,asensiolorenzo@example.org,71575398,2025-07-10,Empresarial
477,Rosalina Samper Correa,62,M,Sonsonate,Municipio Principal,ydominguez@example.net,79351106,2024-03-30,Empresarial
478,Javi Zurita Acevedo,24,F,La Unión,Municipio Principal,irma90@example.net,74074889,2024-03-09,Individual
479,Rufina Cabañas Crespo,26,F,San Vicente,Municipio Principal,pinedaapolinar@example.net,78249063,2025-01-28,Premium
480,Ramona Morcillo Cañas,18,F,Usulután,Municipio Principal,fpalacios@example.com,76503586,2024-05-04,Premium
481,Valentina Cabrero Lumbreras,45,M,San Miguel,Chinameca,faustino08@example.net,78257519,2025-01-03,Empresarial
482,Toño Garriga Mesa,28,F,Chalatenango,Municipio Principal,estebanmarcela@example.org,79312405,2023-04-16,Premium
483,Eugenia Agustín Córdoba,38,F,San Vicente,Municipio Principal,reyesribas@example.org,74817396,2025-01-09,Premium
484,Plinio Linares,18,F,Ahuachapán,Municipio Principal,barcenageraldo@example.net,71340211,2024-02-11,Empresarial
485,Rita Díaz Cáceres,49,M,Santa Ana,Santa Ana,drebollo@example.com,78524090,2025-01-01,Premium
486,Che Amador Galván,41,M,Usulután,Municipio Principal,valeria11@example.com,76944964,2024-12-01,Empresarial
487,Nuria Sosa Busquets,79,M,Cabañas,Municipio Principal,toledoisidora@example.org,71545623,2024-11-24,Empresarial
488,Jacobo Pulido Perea,22,F,San Salvador,San Salvador,borrellramona@example.org,74677973,2023-04-08,Premium
489,Merche Antonia Ferrando Solís,72,M,San Salvador,Apopa,hcamacho@example.org,71812052,2024-02-20,Individual
490,Primitivo Sevilla Fiol,54,F,San Salvador,Soyapango,teruelmacaria@example.net,72695109,2023-05-09,Individual
491,Gala Cueto Arribas,36,F,Chalatenango,Municipio Principal,cgranados@example.net,75883315,2024-04-20,Empresarial
492,Emilio Mármol-Verdejo,52,F,San Miguel,San Miguel,genoveva06@example.net,76936794,2024-12-04,Empresarial
493,Onofre del Barral,54,M,Morazán,Municipio Principal,ggalvez@example.com,77221898,2024-04-30,Empresarial
494,Miguela Frías Cantero,36,F,La Libertad,Santa Tecla,paulinozaragoza@example.org,79859163,2025-06-07,Empresarial
495,Maximiliano Bastida Plana,19,F,Sonsonate,Municipio Principal,eloisa32@example.com,74536358,2024-01-24,Empresarial
496,Rico Almazán Salinas,59,M,Cuscatlán,Municipio Principal,xmoll@example.com,73803236,2023-06-29,Individual
497,Beatriz Cifuentes Carpio,30,F,Usulután,Municipio Principal,julianadiez@example.com,72157674,2025-04-21,Premium
498,Teófila del Martínez,31,F,Usulután,Municipio Principal,salvadorzorrilla@example.org,76534791,2025-01-08,Premium
499,Toño Mateo Pi,33,F,San Salvador,Apopa,samantatejera@example.net,76525808,2023-11-25,Individual
500,Cintia Loida Feliu Torrents,63,M,San Vicente,Municipio Principal,gfalcon@example.net,74265660,2022-11-18,Empresarial
